{
    "$schema": "https://raw.githubusercontent.com/mspnp/template-building-blocks/master/schemas/buildingBlocks.json",
    "contentVersion": "1.0.0.0",
    "parameters": {
        "buildingBlocks": {
            "value": [
                {
                  "type": "VirtualMachineExtension",
                  "resourceGroupName": "ra-onprem-sp2016-rg",
                  "settings":[
                      {
                          "vms": ["ra-onpr-u-vm1"],
                          "extensions": [
                              {
                                "name": "join-domain",
                                "publisher": "Microsoft.Powershell",
                                "type": "DSC",
                                "typeHandlerVersion": "2.7",
                                "autoUpgradeMinorVersion": true,
                                "settings": {
                                  "configuration": {
                                    "url": "https://github.com/woodp/reference-architectures/raw/woodp/sharepointrem/sharepoint/sharepoint-2016-v2/adds.zip",
                                    "script": "join-domain.ps1",
                                    "function": "JoinDomain"
                                  }
                                },
                                "protectedSettings": {
                                  "configurationArguments": {
                                    "DomainName": "fabrikam.com",
                                    "PrimaryDcIpAddress": "192.168.0.4",
                                    "AdminCreds": {
                                      "UserName": "onpremuser",
                                      "Password": "AweS0me@PW"
                                    }
                                  }
                                }
                              }
                          ]
                      }
                  ]
              }
            ]
        }
    }
}