{
    "$schema": "https://raw.githubusercontent.com/mspnp/template-building-blocks/master/schemas/buildingBlocks.json",
    "contentVersion": "1.0.0.0",
    "parameters": {
        "buildingBlocks": {
            "value": [
              {
                "type": "VirtualMachine",
                "resourceGroupName": "ra-sp2016-network-rg",
                "settings":[
                    {
                        "namePrefix": "ra-sp-jb",
                        "computerNamePrefix": "jb",
                        "size": "Standard_DS1_v2",
                        "osType": "windows",
                        "adminUsername": "testuser",
                        "adminPassword": "AweS0me@PW",
                        "virtualNetwork": {
                            "name": "ra-sp2016-vnet",
                            "resourceGroupName": "ra-sp2016-network-rg"                                                        
                        },
                        "nics": [
                          {
                            "isPublic": true,
                            "isPrimary": true,
                            "subnetName": "mgmt",
                            "privateIPAllocationMethod": "Dynamic",
                            "publicIPAllocationMethod": "Static",
                            "enableIPForwarding": false
                          }
                        ],
                        "dataDisks": {
                          "count": 1
                        }                            
                    }
                ]
            }          
            ]
        }
    }
}