{
    "$schema": "https://raw.githubusercontent.com/mspnp/template-building-blocks/master/schemas/buildingBlocks.json",
    "contentVersion": "1.0.0.0",
    "parameters": {
        "buildingBlocks": {
            "value": [
                {
                    "type": "VirtualMachineExtension",
                    "resourceGroupName": "ra-sp2016-network-rg",
                    "settings":[
                        {
                            "vms": [ "ra-sp-sql-vm1" ],
                            "extensions": [
                              {
                                "name": "sqlAOPrepare",
                                "publisher": "Microsoft.Powershell",
                                "type": "DSC",
                                "typeHandlerVersion": "2.1",
                                "autoUpgradeMinorVersion": false,
                                "settings": {
                                  "ModulesUrl": "https://github.com/mspnp/reference-architectures/raw/master/sharepoint/sharepoint-2016-v2/PrepareAlwaysOnSqlServer.zip",
                                  "ConfigurationFunction": "PrepareAlwaysOnSqlServer.ps1\\PrepareAlwaysOnSqlServer",
                                  "properties": {
                                    "domainName": "contoso.local",
                                    "AOEndpointName": "ra-sp2016-sql-hadr",
                                    "adminCreds": {
                                      "userName": "testuser",
                                      "password": "privateSettingsRef:AdminPassword"
                                    },
                                    "sqlServiceCreds": {
                                      "userName": "sqlservicetestuser",
                                      "password": "privateSettingsRef:SqlServerServiceAccountPassword"
                                    },
                                    "NumberOfDisks": "2",
                                    "WorkloadType": "GENERAL"
                                  }
                                },
                                "protectedSettings": {
                                  "items": {
                                    "adminPassword": "AweS0me@PW",
                                    "sqlServerServiceAccountPassword": "AweS0me@SQLServicePW"
                                  }
                                }
                  
                              }
                            ]                                              
                        }
                    ]
                }
            ]
        }
    }
}